{
	"IsRaceOn": 1,
	"TimestampMS": 1811305812,
	"EngineMaxRpm": 7999.9951171875,
	"EngineIdleRpm": 1164.5504150390626,
	"CurrentEngineRpm": 1164.5611572265626,
	"AccelerationX": 0.00011019200610462576,
	"AccelerationY": -0.001358799752779305,
	"AccelerationZ": -0.0001853685826063156,
	"VelocityX": -0.00003699849548866041,
	"VelocityY": 0.00004091615119250491,
	"VelocityZ": -0.00009507776121608913,
	"AngularVelocityX": -0.000209521793294698,
	"AngularVelocityY": -0.0000098009331850335,
	"AngularVelocityZ": 0.00008902595436666161,
	"Yaw": -1.5335346460342408,
	"Pitch": -0.13514560461044312,
	"Roll": -0.08091802150011063,
	"NormalizedSuspensionTravelFrontLeft": 0.4534585177898407,
	"NormalizedSuspensionTravelFrontRight": 0.42440012097358706,
	"NormalizedSuspensionTravelRearLeft": 0.3886707127094269,
	"NormalizedSuspensionTravelRearRight": 0.43328657746315,
	"TireSlipRatioFrontLeft": -0.11142636090517044,
	"TireSlipRatioFrontRight": -0.11939487606287003,
	"TireSlipRatioRearLeft": 0.20649173855781556,
	"TireSlipRatioRearRight": 0.19645167887210847,
	"WheelRotationSpeedFrontLeft": 0.0,
	"WheelRotationSpeedFrontRight": 0.0,
	"WheelRotationSpeedRearLeft": 0.0,
	"WheelRotationSpeedRearRight": 0.0,
	"WheelOnRumbleStripFrontLeft": 0,
	"WheelOnRumbleStripFrontRight": 0,
	"WheelOnRumbleStripRearLeft": 0,
	"WheelOnRumbleStripRearRight": 0,
	"WheelInPuddleDepthFrontLeft": 0.0,
	"WheelInPuddleDepthFrontRight": 0.0,
	"WheelInPuddleDepthRearLeft": 0.0,
	"WheelInPuddleDepthRearRight": 0.0,
	"SurfaceRumbleFrontLeft": 0.12000000476837158,
	"SurfaceRumbleFrontRight": 0.12000000476837158,
	"SurfaceRumbleRearLeft": 0.12000000476837158,
	"SurfaceRumbleRearRight": 0.12000000476837158,
	"TireSlipAngleFrontLeft": -0.01584337279200554,
	"TireSlipAngleFrontRight": -0.025269264355301858,
	"TireSlipAngleRearLeft": -0.027678245678544046,
	"TireSlipAngleRearRight": -0.023411404341459276,
	"TireCombinedSlipFrontLeft": 0.11254708468914032,
	"TireCombinedSlipFrontRight": 0.12203963100910187,
	"TireCombinedSlipRearLeft": 0.20833848416805268,
	"TireCombinedSlipRearRight": 0.19784174859523774,
	"SuspensionTravelMetersFrontLeft": -0.0006453245878219605,
	"SuspensionTravelMetersFrontRight": -0.00599641352891922,
	"SuspensionTravelMetersRearLeft": -0.0027173906564712526,
	"SuspensionTravelMetersRearRight": 0.00477910041809082,
	"CarOrdinal": 3370,
	"CarClass": 3,
	"CarPerformanceIndex": 783,
	"DrivetrainType": 2,
	"NumCylinders": 4,
	"HorizonPlaceholder": 0,
	"PositionX": -4015.046142578125,
	"PositionY": 132.6623077392578,
	"PositionZ": -1935.404541015625,
	"Speed": 0.0001099217843147926,
	"Power": -0.014457467943429947,
	"Torque": -0.00011854992771986872,
	"TireTempFrontLeft": 146.14512634277345,
	"TireTempFrontRight": 146.62582397460938,
	"TireTempRearLeft": 153.5148162841797,
	"TireTempRearRight": 153.5148162841797,
	"Boost": -11.02499771118164,
	"Fuel": 1.0,
	"DistanceTraveled": 0.0,
	"BestLap": 0.0,
	"LastLap": 0.0,
	"CurrentLap": 0.0,
	"CurrentRaceTime": 666.0745849609375,
	"LapNumber": 0,
	"RacePosition": 0,
	"Accel": 0,
	"Brake": 0,
	"Clutch": 0,
	"HandBrake": 0,
	"Gear": 1,
	"Steer": 0,
	"NormalizedDrivingLine": 0,
	"NormalizedAIBrakeDifference": 0
}